Workbook

Sheet student_performance
G1: SUBJECTS
A2: STUDENT_ID | B2: FIRST NAME | C2: LAST NAME | D2: AGE | E2: STUDY HOURS | F2: ATTENDANCE % | G2: ENGLISH | H2: MATHS | I2: SCIENCE | J2: HISTORY | K2: HINDI | L2: TOTAL MARKS | M2: PERCENTAGE | N2: GRADE | O2: REMARK
A3: STU0001 | B3: Aarav | C3: Sharma | D3: 15 | E3: 25 | F3: 0.64 | G3: 41 | H3: 67 | I3: 38 | J3: 39 | K3: 69 | L3: 254 | M3: 0.51 | N3: =IF(M3>=90%, "A", IF(M3>=70%, "B", IF(M3>=60%, "C", IF(M3>=35%, "D", "F")))) -> D | O3: =IF(M3>=35%, "PASS","FAIL") -> PASS
A4: STU0002 | B4: Abhishek | C4: Dubey | D4: 15 | E4: 10 | F4: 0.69 | G4: 73 | H4: 59 | I4: 79 | J4: 45 | K4: 60 | L4: 316 | M4: 0.63 | N4: =IF(M4>=90%, "A", IF(M4>=70%, "B", IF(M4>=60%, "C", IF(M4>=35%, "D", "F")))) -> C | O4: =IF(M4>=35%, "PASS","FAIL") -> PASS
A5: STU0003 | B5: Adarsh | C5: Yadav | D5: 15 | E5: 29 | F5: 0.92 | G5: 48 | H5: 78 | I5: 36 | J5: 24 | K5: 61 | L5: 247 | M5: 0.49 | N5: =IF(M5>=90%, "A", IF(M5>=70%, "B", IF(M5>=60%, "C", IF(M5>=35%, "D", "F")))) -> D | O5: =IF(M5>=35%, "PASS","FAIL") -> PASS
A6: STU0004 | B6: Aditi | C6: Mishra | D6: 15 | E6: 25 | F6: 0.74 | G6: 90 | H6: 79 | I6: 45 | J6: 70 | K6: 56 | L6: 340 | M6: 0.68 | N6: =IF(M6>=90%, "A", IF(M6>=70%, "B", IF(M6>=60%, "C", IF(M6>=35%, "D", "F")))) -> C | O6: =IF(M6>=35%, "PASS","FAIL") -> PASS
A7: STU0005 | B7: Aditya | C7: Singh | D7: 19 | E7: 10 | F7: 0.91 | G7: 73 | H7: 49 | I7: 77 | J7: 63 | K7: 66 | L7: 328 | M7: 0.66 | N7: =IF(M7>=90%, "A", IF(M7>=70%, "B", IF(M7>=60%, "C", IF(M7>=35%, "D", "F")))) -> C | O7: =IF(M7>=35%, "PASS","FAIL") -> PASS
A8: STU0006 | B8: Aishwarya | C8: Reddy | D8: 17 | E8: 3 | F8: 0.5 | G8: 86 | H8: 38 | I8: 54 | J8: 59 | K8: 53 | L8: 290 | M8: 0.58 | N8: =IF(M8>=90%, "A", IF(M8>=70%, "B", IF(M8>=60%, "C", IF(M8>=35%, "D", "F")))) -> D | O8: =IF(M8>=35%, "PASS","FAIL") -> PASS
A9: STU0007 | B9: Akash | C9: Yadav | D9: 15 | E9: 9 | F9: 0.6 | G9: 84 | H9: 38 | I9: 83 | J9: 46 | K9: 31 | L9: 282 | M9: 0.56 | N9: =IF(M9>=90%, "A", IF(M9>=70%, "B", IF(M9>=60%, "C", IF(M9>=35%, "D", "F")))) -> D | O9: =IF(M9>=35%, "PASS","FAIL") -> PASS
A10: STU0008 | B10: Alisha | C10: Fernandes | D10: 15 | E10: 19 | F10: 0.63 | G10: 89 | H10: 71 | I10: 66 | J10: 64 | K10: 43 | L10: 333 | M10: 0.67 | N10: =IF(M10>=90%, "A", IF(M10>=70%, "B", IF(M10>=60%, "C", IF(M10>=35%, "D", "F")))) -> C | O10: =IF(M10>=35%, "PASS","FAIL") -> PASS
A11: STU0009 | B11: Aman | C11: Kapoor | D11: 19 | E11: 17 | F11: 0.67 | G11: 71 | H11: 50 | I11: 74 | J11: 54 | K11: 77 | L11: 326 | M11: 0.65 | N11: =IF(M11>=90%, "A", IF(M11>=70%, "B", IF(M11>=60%, "C", IF(M11>=35%, "D", "F")))) -> C | O11: =IF(M11>=35%, "PASS","FAIL") -> PASS
A12: STU0010 | B12: Ananya | C12: Rao | D12: 16 | E12: 18 | F12: 0.75 | G12: 50 | H12: 69 | I12: 81 | J12: 52 | K12: 93 | L12: 345 | M12: 0.69 | N12: =IF(M12>=90%, "A", IF(M12>=70%, "B", IF(M12>=60%, "C", IF(M12>=35%, "D", "F")))) -> C | O12: =IF(M12>=35%, "PASS","FAIL") -> PASS
A13: STU0011 | B13: Aniket | C13: Pawar | D13: 16 | E13: 9 | F13: 0.51 | G13: 65 | H13: 28 | I13: 95 | J13: 73 | K13: 85 | L13: 346 | M13: 0.69 | N13: =IF(M13>=90%, "A", IF(M13>=70%, "B", IF(M13>=60%, "C", IF(M13>=35%, "D", "F")))) -> C | O13: =IF(M13>=35%, "PASS","FAIL") -> PASS
A14: STU0012 | B14: Ansh | C14: Patel | D14: 19 | E14: 23 | F14: 0.62 | G14: 89 | H14: 75 | I14: 53 | J14: 52 | K14: 43 | L14: 312 | M14: 0.62 | N14: =IF(M14>=90%, "A", IF(M14>=70%, "B", IF(M14>=60%, "C", IF(M14>=35%, "D", "F")))) -> C | O14: =IF(M14>=35%, "PASS","FAIL") -> PASS
... A123: STU0121 | B123: Zoya | C123: Siddiqui | D123: 19 | E123: 20 | F123: 0.98 | G123: 90 | H123: 78 | I123: 45 | J123: 45 | K123: 38 | L123: 296 | M123: 0.59 | N123: =IF(M123>=90%, "A", IF(M123>=70%, "B", IF(M123>=60%, "C", IF(M123>=35%, "D", "F")))) -> D | O123: =IF(M123>=35%, "PASS","FAIL") -> PASS
D125: MINIMUM | E125: =MIN(E3:E123) -> 2 | F125: =MIN(F3:F123) -> 0.13 | G125: =MIN(G3:G123) -> 12 | H125: =MIN(H3:H123) -> 10 | I125: =MIN(I3:I123) -> 11 | J125: =MIN(J3:J123) -> 6 | K125: =MIN(K3:K123) -> 9 | L125: =MIN(L3:L123) -> 85 | M125: =MIN(M3:M123) -> 0.17
D126: MAXIMUM | E126: =MAX(E3:E123) -> 30 | F126: =MAX(F3:F123) -> 1 | G126: =MAX(G3:G123) -> 94 | H126: =MAX(H3:H123) -> 89 | I126: =MAX(I3:I123) -> 95 | J126: =MAX(J3:J123) -> 91 | K126: =MAX(K3:K123) -> 94 | L126: =MAX(L3:L123) -> 393 | M126: =MAX(M3:M123) -> 0.79
D127: AVERAGE | E127: =AVERAGE(E3:E123) -> 16.198347 | F127: =AVERAGE(F3:F123) -> 0.74570248 | G127: =AVERAGE(G3:G123) -> 61.206612 | H127: =AVERAGE(H3:H123) -> 54.785124 | I127: =AVERAGE(I3:I123) -> 57.603306 | J127: =AVERAGE(J3:J123) -> 53.041322 | K127: =AVERAGE(K3:K123) -> 61.438017 | L127: =AVERAGE(L3:L123) -> 288.07438 | M127: =AVERAGE(M3:M123) -> 0.57603306

Sheet Dashboard
G1: STUDENT PERFORMANCE ANALYSIS
B4: Student_id | C4: First name | D4: Last Name | E4: Percentage | F4: Grade
B5: STU0001 | C5: =IFERROR(VLOOKUP($B5, student_performance!$A:$O, 2, FALSE), "Check ID") -> Aarav | D5: =IFERROR(VLOOKUP($B5, student_performance!$A:$O, 3, FALSE), "Check ID") -> Sharma | E5: =IFERROR(VLOOKUP($B5, student_performance!$A:$O, 13, FALSE), "Check ID") -> 0.51 | F5: =IFERROR(VLOOKUP($B5, student_performance!$A:$O, 14, FALSE), "Check ID") -> D

Sheet Search Tool
E1: STUDENT SEARCH TOOL
A4: Student_id | B4: First name | C4: Last Name | D4: Percentage | E4: Grade
A5: STU0007 | B5: =IFERROR(VLOOKUP($A5, student_performance!$A:$O, 2, FALSE), "Check ID") -> Akash | C5: =IFERROR(VLOOKUP($A5, student_performance!$A:$O, 3, FALSE), "Check ID") -> Yadav | D5: =IFERROR(VLOOKUP($A5, student_performance!$A:$O, 13, FALSE), "Check ID") -> 0.56 | E5: =IFERROR(VLOOKUP($A5, student_performance!$A:$O, 14, FALSE), "Check ID") -> D

Sheet Behavioral Analysis
F1: BEHAVIORAL ANALYSIS
B4: GRADES | C4: Avg STUDY HOURS
B5: B | C5: 22.294118
B6: C | C6: 15.125
B7: D | C7: 15.377358
B8: F | C8: 14.636364
B9: Grand Total | C9: 16.198347

Sheet Subject Analysis
I1: SUBJECT ANALYSIS
B4: ENGLISH | C4: MATHS | D4: SCIENCE | E4: HISTORY | F4: HINDI
B5: 61.206612 | C5: 54.785124 | D5: 57.603306 | E5: 53.041322 | F5: 61.438017

Sheet Demographic Analysis
F1: DEMOGRAPHIC ANALYSIS
B4: AGE | C4: Avg PEERCENTAGE
B5: 15 | C5: 0.61458333
B6: 16 | C6: 0.59136364
B7: 17 | C7: 0.595
B8: 18 | C8: 0.52434783
B9: 19 | C9: 0.55083333
B10: Grand Total | C10: 0.57603306
